Package,Built
abind,3.4.0
acepack,3.4.0
ade4,3.4.3
affxparser,3.4.2
affy,3.4.2
affycoretools,3.4.3
affyio,3.4.2
affyPLM,3.4.2
affyQCReport,3.4.2
AIMS,3.4.2
amap,3.4.0
annotate,3.4.2
AnnotationDbi,3.4.2
AnnotationFilter,3.4.2
AnnotationForge,3.4.2
AnnotationHub,3.4.2
apc,3.4.0
ape,3.4.2
assertthat,3.4.0
backports,3.4.3
base,3.4.3
base64enc,3.4.0
BH,3.4.1
BiasedUrn,3.4.0
bindr,3.4.0
bindrcpp,3.4.0
Biobase,3.4.2
BiocGenerics,3.4.2
BiocInstaller,3.4.2
BiocParallel,3.4.2
BiocStyle,3.4.2
biomaRt,3.4.3
Biostrings,3.4.2
biovizBase,3.4.2
bit,3.4.0
bit64,3.4.0
bitops,3.4.0
blob,3.4.0
bookdown,3.4.3
boot,3.4.3
bootstrap,3.4.0
breastCancerMAINZ,3.4.3
breastCancerNKI,3.4.3
breastCancerTRANSBIG,3.4.3
breastCancerUNT,3.4.3
breastCancerUPP,3.4.3
brew,3.4.0
broom,3.4.3
BSgenome,3.4.2
car,3.4.3
carData,3.4.1
Category,3.4.2
caTools,3.4.0
cats,3.3.2
cellranger,3.4.0
cgdsr,3.4.3
checkmate,3.4.2
clariomdhumantranscriptcluster.db,3.4.3
clariomshumanhttranscriptcluster.db,3.4.3
class,3.4.3
cli,3.4.2
clipr,3.4.2
clisymbols,3.4.0
cluster,3.4.3
cmprsk,3.4.0
coda,3.4.0
codetools,3.4.3
colorRamps,3.4.0
colorspace,3.4.0
combinat,3.4.0
commonmark,3.4.1
compiler,3.4.3
config,3.4.0
corpcor,3.4.0
corrr,3.4.0
covTest,3.4.0
cowplot,3.4.3
crayon,3.4.1
crosstalk,3.4.0
crrstep,3.4.0
curl,3.4.3
data.table,3.4.2
data.tree,3.4.3
datasets,3.4.3
DBI,3.4.0
dbplyr,3.4.3
debugme,3.4.2
DelayedArray,3.4.2
dendextend,3.4.2
DEoptimR,3.4.0
desc,3.4.1
DESeq2,3.4.2
deSolve,3.4.1
devtools,3.4.2
DiagrammeR,3.4.1
dichromat,3.4.0
digest,3.4.3
diptest,3.4.0
DNAcopy,3.4.2
doParallel,3.4.2
downloader,3.4.0
dplyr,3.4.2
DT,3.4.3
dynamicTreeCut,3.4.0
e1071,3.4.0
ecoli2.db,3.4.3
ecolicdf,3.4.3
ecoliLeucine,3.4.3
edgeR,3.4.3
effects,3.4.1
enc,3.4.2
enrichR,3.4.0
EnsDb.Hsapiens.v75,3.4.3
EnsDb.Hsapiens.v79,3.4.3
EnsDb.Hsapiens.v86,3.4.3
ensembldb,3.4.2
epitools,3.4.2
evaluate,3.4.1
exactRankTests,3.4.0
extrafont,3.4.0
extrafontdb,3.4.0
fastcluster,3.4.1
fBasics,3.4.2
ff,3.4.0
fit.models,3.4.0
flexdashboard,3.4.3
flexmix,3.4.0
FNN,3.4.0
forcats,3.4.0
foreach,3.4.3
foreign,3.4.3
formatR,3.4.0
Formula,3.4.1
fpc,3.4.3
fs,3.4.3
futile.logger,3.4.0
futile.options,3.4.0
gap,3.4.3
gclus,3.4.0
gcrma,3.4.2
gdata,3.4.0
gdsfmt,3.4.3
geigen,3.4.1
gelnet,3.4.0
genefilter,3.4.2
genefu,3.4.2
geneLenDataBase,3.4.3
geneplotter,3.4.2
genetics,3.4.0
GeneticsDesign,3.4.2
GeneticsPed,3.4.2
GenomeInfoDb,3.4.2
GenomeInfoDbData,3.4.3
GenomicAlignments,3.4.2
GenomicFeatures,3.4.3
GenomicFiles,3.4.2
GenomicRanges,3.4.3
GGally,3.4.1
ggbio,3.4.2
ggdendro,3.4.0
ggplot2,3.4.0
ggpubr,3.4.2
ggrepel,3.4.2
ggsci,3.4.2
ggsignif,3.4.1
ggvis,3.4.0
gh,3.4.3
git2r,3.4.3
glmnet,3.4.2
glmpath,3.4.3
glue,3.4.2
gmodels,3.4.0
GO.db,3.4.3
goseq,3.4.2
GOstats,3.4.2
gplots,3.4.0
graph,3.4.2
graphics,3.4.3
graphite,3.4.3
grDevices,3.4.3
grid,3.4.3
gridBase,3.4.0
gridExtra,3.4.1
GSA,3.4.0
GSEABase,3.4.2
gss,3.4.0
gtable,3.4.0
gtools,3.4.0
Gviz,3.4.2
haven,3.4.3
here,3.4.0
heritability,3.4.0
hexbin,3.4.3
HGNChelper,3.4.1
hgu133a.db,3.4.3
hgu133plus2.db,3.4.3
hgu133plus2cdf,3.4.3
highlite,3.4.3
highr,3.4.0
Hmisc,3.4.3
hms,3.4.3
htmlTable,3.4.3
htmltools,3.4.0
htmlwidgets,3.4.3
httpuv,3.4.1
httr,3.4.1
hwriter,3.4.0
iC10,3.4.0
iC10TrainingData,3.4.0
igraph,3.4.1
illuminaHumanv4.db,3.4.3
impute,3.4.2
influenceR,3.4.0
ini,3.4.2
interactiveDisplayBase,3.4.2
intervals,3.4.0
ipred,3.4.0
IRanges,3.4.2
irlba,3.4.3
ismev,3.4.0
ISR3,3.4.0
iterators,3.4.3
jsonlite,3.4.0
KEGG.db,3.4.3
kernlab,3.4.0
KernSmooth,3.4.3
kinship2,3.4.0
km.ci,3.4.0
KMsurv,3.4.0
knitr,3.4.3
ks,3.4.3
labeling,3.4.0
lambda.r,3.4.1
lars,3.4.0
lattice,3.4.3
latticeExtra,3.4.0
lava,3.4.3
lazyeval,3.4.2
limma,3.4.3
lme4,3.4.3
locfit,3.4.0
lookup,3.4.3
lubridate,3.4.2
magick,3.4.3
magrittr,3.4.0
markdown,3.4.0
MASS,3.4.3
Matrix,3.4.3
MatrixModels,3.4.0
matrixStats,3.4.3
maxstat,3.4.0
mclust,3.4.3
mco,3.4.0
memoise,3.4.3
methods,3.4.3
mgcv,3.4.3
mGSZ,3.4.0
mice,3.4.2
MIGSA,3.4.2
miktools,3.3.2
mime,3.4.0
minqa,3.4.0
misc3d,3.4.0
mitools,3.4.0
mnormt,3.4.0
modelr,3.4.1
modeltools,3.4.0
mogsa,3.4.2
msa,3.4.2
multicool,3.4.0
multtest,3.4.2
munsell,3.4.0
mvtnorm,3.4.3
nlme,3.4.3
nloptr,3.4.0
NLP,3.4.1
NMF,3.4.0
nnet,3.4.3
nortest,3.4.0
numDeriv,3.4.0
OceanView,3.4.0
oligo,3.4.2
oligoClasses,3.4.2
openssl,3.4.2
org.EcK12.eg.db,3.4.3
org.Hs.eg.db,3.4.3
org.Sc.sgd.db,3.4.3
OrganismDbi,3.4.2
pamr,3.4.0
parallel,3.4.3
pbkrtest,3.4.0
pcaPP,3.4.3
pd.clariom.d.human,3.4.3
pd.hta.2.0,3.4.3
pedicure,3.3.2
permute,3.4.0
PFAM.db,3.4.3
pillar,3.4.3
pkgconfig,3.4.0
pkgmaker,3.4.0
PKI,3.4.1
plogr,3.4.0
plot3D,3.4.1
plot3Drgl,3.4.0
plotly,3.4.1
plotrix,3.4.3
plyr,3.4.0
prabclus,3.4.0
praise,3.4.0
preprocessCore,3.4.2
prettyunits,3.4.0
pROC,3.4.0
processx,3.4.1
prodlim,3.4.0
progress,3.4.0
ProtGenerics,3.4.2
psych,3.4.3
purrr,3.4.2
pwr,3.4.0
qap,3.4.0
qtl,3.4.0
quadprog,3.4.0
quantreg,3.4.2
QuasR,3.4.2
R.methodsS3,3.4.0
R.oo,3.4.0
R.utils,3.4.2
R6,3.4.0
rappdirs,3.4.0
raster,3.4.2
RBGL,3.4.2
Rbowtie,3.4.2
Rcmdr,3.4.2
RcmdrMisc,3.4.3
RColorBrewer,3.4.0
Rcpp,3.4.3
RcppArmadillo,3.4.3
RcppEigen,3.4.3
RCurl,3.4.3
reactome.db,3.4.3
readr,3.4.0
readstata13,3.4.0
readxl,3.4.0
registry,3.4.3
relimp,3.4.0
rematch,3.4.0
rematch2,3.4.1
ReportingTools,3.4.2
reshape,3.4.1
reshape2,3.4.3
reticulate,3.4.3
rex,3.4.2
rgdal,3.4.3
rgexf,3.4.0
rgl,3.4.3
Rgraphviz,3.4.2
rjags,3.4.0
rjson,3.4.0
RJSONIO,3.4.0
rlang,3.4.3
rmarkdown,3.4.2
rmeta,3.4.0
RMySQL,3.4.1
rngtools,3.4.0
robust,3.4.0
robustbase,3.4.2
Rook,3.4.0
roxygen2,3.4.0
rpart,3.4.3
rprojroot,3.4.3
Rqc,3.4.2
rrBLUP,3.4.3
rrcov,3.4.0
Rsamtools,3.4.2
RSQLite,3.4.1
rstudioapi,3.4.1
Rsubread,3.4.3
rsvd,3.4.3
rtracklayer,3.4.3
Rttf2pt1,3.4.3
rvest,3.4.0
S4Vectors,3.4.2
safe,3.4.2
sandwich,3.4.1
scales,3.4.1
scatterplot3d,3.4.0
secure,3.4.0
segmented,3.4.3
selectiveInference,3.4.2
selectr,3.4.0
seqinr,3.4.1
seriation,3.4.0
shape,3.4.1
shiny,3.4.1
ShortRead,3.4.2
simecol,3.4.2
simpleaffy,3.4.2
SiMRiv,3.4.2
slackr,3.4.0
slam,3.4.3
slidify,3.3.2
slidifyLibraries,3.3.2
snow,3.4.0
SNPlocs.Hsapiens.dbSNP144.GRCh37,3.4.3
SNPRelate,3.4.3
sourcetools,3.4.0
sp,3.4.3
SparseM,3.4.0
spatial,3.4.3
splines,3.4.3
SQUAREM,3.4.2
stabledist,3.4.0
statmod,3.4.0
stats,3.4.3
stats4,3.4.3
stencila,3.3.2
stringi,3.4.2
stringr,3.4.0
styler,3.4.3
SummarizedExperiment,3.4.3
SuppDists,3.4.0
survcomp,3.4.2
survey,3.4.3
survival,3.4.3
survivalROC,3.4.0
survminer,3.4.2
survMisc,3.4.0
svd,3.4.2
svgPanZoom,3.4.0
tcltk,3.4.3
tcltk2,3.4.0
tensorflow,3.4.3
testit,3.4.0
testthat,3.4.3
texPreview,3.4.1
tfruns,3.4.3
tibble,3.4.3
tidyr,3.4.3
tidyselect,3.4.2
tidyverse,3.4.2
timeDate,3.4.2
timeSeries,3.4.2
tm,3.4.3
tm.plugin.mail,3.4.0
tools,3.4.3
trimcluster,3.4.0
TSP,3.4.0
usethis,3.4.3
utf8,3.4.3
utils,3.4.3
VariantAnnotation,3.4.3
vegan,3.4.3
viridis,3.4.3
viridisLite,3.4.0
visNetwork,3.4.3
vtreat,3.4.3
WGCNA,3.4.3
whisker,3.4.0
withr,3.4.3
wordcloud,3.4.0
xfun,3.4.3
XML,3.4.1
xml2,3.4.3
xtable,3.4.0
XVector,3.4.2
yaml,3.4.3
zlibbioc,3.4.2
zoo,3.4.3
